'1','Filipa Andrea','Buenrostro','Curiel','filipa.buenrostro@example.com','BUCF7210213II','Female'
'2','Jacqueline Mariana','Nava','Ortega','jacqueline.nava@example.com','NAOJ7906042GM','Female'
'3','Liliana Valeria','Marchena','Sández','liliana.marchena@example.com','MASL870908T56','Female'
'5','Santiago','Jiménez','Cázares','santiago.jimenez@example.com','JICS681028P3C','Male'
'6','Ana Gabriela','Paz','Alanís','anagabriela.paz@example.com','PAAA731125O6S','Female'
'7','Amaranta','Perea','Castañeda','amaranta.perea@example.com','PECA6904204PB','Female'
'8','María del Pilar','Olmos','Barajas','pilar.olmos@example.com','OOBM810807881','Female'
'9','Maribel','Domínguez','Gasca','maribel.dominguez@example.com','DOGM680815BIH','Female'
'12','Javier','Madueño','Vaca','javier.madueno@example.com','MAVJ860308M68','Male'
'13','Matías','Gómez','López','matias.gomez@example.com','GOLM6701073RT','Male'
'14','Myra','Delgadillo','Martínez','myra.delgadillo@example.com','DEMM860927ORS','Female'
'15','María Lucía','Vargas','De Guzmán','marialucia.vargas@example.com','VADM841227CP0','Female'
'16','Carlos Ramiro','Parreira','Castro','carlos.parreira@example.com','PACC870121ICH','Male'
'17','José María','Basanta','López','josemaria.basanta@example.com','BALM860317XV1','Male'
'18','Christina','Burkenroad','Del Prado','christina.burkenroad@example.com','BUDC910130UOC','Female'
'19','Judith Daniela','Borja','Carrasco','judith.borja@example.com','BOCJ68010791H','Female'
'20','Alexis Gabriel','Argüello','López','alexis.arguello@example.com','AALA980922D1T','Male'
'21','Paola','Monroy','Albacete','paola.monroy@example.com','MOAP730423C0B','Female'
'23','Matías','Uribe','Gasca','matias.uribe@example.com','UUGM811111HD7','Male'
'25','Adela','Farías','Rebolledo','adela.farias@example.com','FARA650603TO6','Female'
'28','Jeremías','Estrada','López','jeremias.estrada@example.com','EELJ721221XNG','Male'
'29','Francisca Ana','Paz','Vega','francisca.paz@example.com','PAVF781229KDW','Female'
'30','Juan Francisco','Palencia','Franco','juan.palencia@example.com','PAFJ700115O1J','Male'
'31','Isaías','Romero','Casián','isaias.romero@example.com','ROCI951005Q0K','Male'
'32','Carolina','Guerrero','Meza','carolina.guerrero@example.com','GUMC661111WYQ','Female'
'33','Vanessa','Espinoza','Higuera','vanessa.espinoza@example.com','EEHV830109PSZ','Female'
'36','Karen Mariana','Meza','Sánchez','karen.meza@example.com','MESK760211KCJ','Female'
'38','Mauricio','Terracina','Garcés','mauricio.terracina@example.com','TEGM760902E7G','Male'
'40','Natalia','Meza','Valdez','natalia.meza@example.com','MEVN701112LPL','Female'
'42','María Elena','Correa','Camarena','mariaelena.correa@example.com','COCM820516J44','Female'
'43','Salvador','Carmona','Solís','salvador.carmona@example.com','CASS7807080E7','Male'
'44','Jorge','Cantú','Talamantes','jorge.cantu@example.com','CATJ680603WNN','Male'
'45','Saida','Gómez','Reza','saida.gomez@example.com','GORS800120P3L','Female'
'46','Paulina','Rizo','Cabrales','paulina.rizo@example.com','RICP960903TLZ','Female'
'47','Joel','Sánchez','Tiburcio','joel.sanchez@example.com','SATJ750730IJS','Male'
'48','Abraham','Sarabia','Argüello','abraham.sarabia@example.com','SAAA650927IOT','Male'
'51','Julieta Esther','Armenta','Tiznado','julieta.armenta@example.com','AATJ9001217TS','Female'
'52','Gonzalo','Montiel','Molina','gonzalo.montiel@example.com','MOMG9605254XK','Male'
'54','Romel','Salcedo','Paz','romel.salcedo@example.com','SAPR760912QYL','Male'
'55','Aleyda','Méndez','Murillo','aleyda.mendez@example.com','MEMA651007M16','Female'
'56','Desiree','Monsiváis','Arcos','desiree.monsivais@example.com','MOAD890519FBN','Female'
'57','Ana Rosa','Guerra','Hernández','anarosa.guerra@example.com','GUHA840212UKW','Female'
'58','Lionel','Balderas','Zambrano','lionel.balderas@example.com','BAZL880423M6U','Male'
'59','Ramona','Rodríguez','Del Lago','ramona.rodriguez@example.com','RODR6712246CA','Female'
'60','Mariela','Ayala','Crespo','mariela.ayala@example.com','AACM69032386G','Female'
'62','Máximo','Álvarez','Botello','maximo.alvarez@example.com','AABM7612039IF','Male'
'63','Mariel Ariana','De Linares','Curiel','mariel.de.linares@example.com','DECM780120TAU','Female'
'65','Ana Kathia','Martínez','Llano','anakathia.martinez@example.com','MALA6604126BR','Female'
'66','Gonzalo','Pineda','Arellano','gonzalo.pineda@example.com','PIAG9609088H9','Male'
'67','Mónica Alejandra','Prado','Llañez','monica.prado@example.com','PALM7106296RA','Female'
'68','Vicente','Sánchez','Juárez','vicente.sanchez@example.com','SAJV8907289BS','Male'
'69','Priscila Joana','Villarreal','Arce','priscila.villarreal@example.com','VIAP810703X77','Female'
'70','Raúl','Lara','Rodríguez','raul.lara@example.com','LARR870130B19','Male'
'71','Patricia','Esquivias','Robledo','patricia.esquivias@example.com','EERP660705ZS1','Female'
'72','Paola','Espinoza','Beltrán','paola.espinoza@example.com','EEBP911211QC4','Female'
'75','Braulio','Luna','Gómez','braulio.luna@example.com','LUGB880201MP4','Male'
'78','Gilberto','Giménez','Prado','gilberto.gimenez@example.com','GIPG781125HHC','Male'
'79','Juan Pablo Ángel','Estrada','Juárez','juanpablo.estrada@example.com','EEJJ75031389S','Male'
'80','Daniela','Solís','Valdez','daniela.solis@example.com','SOVD9409064SB','Female'
'81','Dulce Gabriela','Cervantes','Sánchez','dulcegabriela.cervantes@example.com','CESD710331ZC6','Female'
'82','Diana Gabriela','Abundiz','Estudillo','diana.abundiz@example.com','AAED930804WF8','Female'
'83','Nahum','Tapia','Fernández','nahum.tapia@example.com','TAFN92062527G','Male'
'84','Marcos','Ayala','Valencia','marcos.ayala@example.com','AAVM650204UIT','Male'
'85','Evelia','Oropeza','Meza','evelia.oropeza@example.com','OOME690110D13','Female'
'86','Valeria','Del Campo','Fernández','valeria.delcampo@example.com','DEFV820404761','Female'
'87','Lorena María','Sánchez','Ramírez','lorenamaria.sanchez@example.com','SARM990119FQG','Female'
'88','Isaac','Terrazas','Del Águila','isaac.terrazas@example.com','TEDI761002SOQ','Male'
'89','Andrea','Guevara','Santana','andrea.guevara@example.com','GUSA6702027YY','Female'
'90','Benjamín','Valencia','Galindo','benjamin.valencia@example.com','VAGB730122ZGC','Male'
'91','Raúl Ernesto','Enríquez','Valverde','raul.enriquez@example.com','EEVR9201214Z3','Male'
'92','Rebeca','Bernal','Alcaraz','rebeca.bernal@example.com','BEAR76082738S','Female'
'93','Ángel Gabriel','Pérez','López','angelgabriel.perez@example.com','PELA701217A6M','Male'
'94','Rogelio Gabriel','Fimbres','Carrasco','rogelio.fimbres@example.com','FICR780911V80','Male'
'95','Nicolás','Recio','Chávez','nicolas.recio@example.com','RECN860208NOS','Male'
'96','Ana Guillermina','Estrada','Soto','ana.guillermina.estrada@example.com','EESA731115ZAC','Female'
'99','Nuria','Izquierdo','Güemez','nuria.izquierdo@example.com','IIGN65010221B','Female'
'100','Osvaldo','Sánchez','Ibarra','osvaldo.sanchez@example.com','SAIO980107CUW','Male'
'101','Felipe Gabriel','Bañuelos','Estrada','felipegabriel.banuelos@example.com','BAEF800816KN7','Male'
'102','Ana Lourdes','Cifuentes','Fernández','analourdes.cifuentes@example.com','CIFA780911G2S','Female'
'103','Alexia Lizeth','Romo','Sepúlveda','alexia.romo@example.com','ROSA851108E8B','Female'
'105','Diego Alonso','Delgadillo','Suárez','diego.delgadillo@example.com','DESD9402109EB','Male'
'106','Nicolás','Ramírez','Ceseña','nicolas.ramirez@example.com','RACN980719A2B','Male'
'107','Humberto','Suazo','Pérez','humberto.suazo@example.com','SUPH710314VVL','Male'
'109','Angelina','Muñoz','Casas','angelina.munoz@example.com','MUCA720409DWR','Female'
'110','Nadia ','Viruega','Díaz','nadia.viruega@example.com','VIDN8507224N2','Female'
'112','Lizeth María','Vázquez','Espino','lizethmaria.vazquez@example.com','VAEM780906SOF','Female'
'113','Pascual','Soto','Aréchiga','pascual.soto@example.com','SOAP830203E6Y','Male'
'114','Miriam Alejandra','Rodríguez','Fuentes','miriam.rodriguez@example.com','ROFM8512156P1','Female'
'115','Roberto','De la Rosa','Vega','roberto.delarosa@example.com','DEVR9011093A8','Male'
'116','Ximena','Orduño','Sotelo','ximena.orduno@example.com','OOSX9502061Z5','Female'
'117','Juan José','López','García','juanjose.lopez@example.com','LOGJ860410GJN','Male'
'118','Jennifer Olivia','Montero','Escobar','jennifer.montero@example.com','MOEJ9903257L0','Female'
'119','Manuel','Machado','Esquer','manuel.machado@example.com','MAEM690925Z36','Male'
'120','Mariana Inés','Esqueda','Osuna','mariana.esqueda@example.com','EEOM8904289KN','Female'
'122','Israel','Castro','Pérez','israel.castro@example.com','CAPI890105HF5','Male'
'123','Silvia','Fernández','Ormeño','silvia.fernandez@example.com','FEOS741007I51','Female'
'124','Arely','Cabrales','Zazueta','arely.cabrales@example.com','CAZA871123NVR','Female'
'125','Estefanía','Curiel','Horta','estefania.curiel@example.com','CUHE670722B1O','Female'
'126','Julián','Álvarez','Macías','julian.alvarez@example.com','AAMJ000101T0X','Male'
'127','María Paola','Ibarra','Llano','mariapaola.ibarra@example.com','IILM8007219UB','Female'
'128','Ana Fernanda','Castro','Domínguez','anafernanda.castro@example.com','CADA770126QI5','Female'
'129','Alejandro','Cárdenas','Mateos','alejandro.cardenas@example.com','CAMA000209YJU','Male'
'130','Margarita','Contreras','Esquer','margarita.contreras@example.com','COEM7010199ZO','Female'
'132','Ruth Alejandra','Montes','Llano','ruth.montes@example.com','MOLR850803UEM','Female'
'133','Martha ','Puentes','Del Lago','martha.puentes@example.com','PUDM921223SXA','Female'
'134','Ernesto','Hidalgo','Esquivias','ernesto.hidalgo@example.com','HIEE880825DHC','Male'
'135','Juliana','Matos','Fuentes','juliana.matos@example.com','MAFJ831109CU4','Female'
'136','Tania','De los Santos','Versallés','tania.delossantos@example.com','DEVT9502048GC','Female'
'137','Marcela','Palacios','Cuenca','marcela.palacios@example.com','PACM850129IB6','Female'
'138','Salomón','Ríos','Becerra','salomon.rios@example.com','RIBS760116OY4','Male'
'139','Francisco','Gabriel','De Anda','francisco.gabriel@example.com','GADF780304682','Male'
'140','Domingo Jesús','Iglesias','Pascual','domingo.iglesias@example.com','IIPD880610OM7','Male'
'142','Nomar','García','Parra','nomar.garcia@example.com','GAPN7611293HD','Male'
'143','Gloria','Treviño','Perea','gloria.trevino@example.com','TEPG770423T7I','Female'
'144','Luis','García','Postigo','luis.garcia@example.com','GAPL660313J8Y','Male'
'145','Ana Karina','Rivas','Ocegueda','anakarina.rivas@example.com','RIOA680622VCP','Female'
'146','Melissa','Ramírez','Bastidas','melissa.ramirez@example.com','RABM810511KT3','Female'
'150','Adelina','Manzanarez','Figueroa','adelina.manzanarez@example.com','MAFA801010UUJ','Female'
'151','Hernán Jorge','Alfaro','Enríquez','hernan.alfaro@example.com','AAEH761208ZCR','Male'
'152','Diana','García','Romero','diana.garcia@example.com','GARD761219FGU','Female'
'153','Laura Carolina','González','Martínez','lauracarolina.gonzalez@example.com','GOML670426FXD','Female'
'154','Perla','Linares','Mora','perla.linares@example.com','LIMP990520SZZ','Female'
'155','Ivonne Ileana','Curiel','Mendoza','ivonne.curiel@example.com','CUMI931104FDG','Female'
'156','Rubén','Castro','Montes','ruben.castro@example.com','CAMR760317A53','Male'
'157','Bartolomeo','Contreras','Esquer','bartolomeo.contreras@example.com','COEB9905168HR','Male'
'158','Víctor Emmanuel','Rangel','Alfaro','victor.rangel@example.com','RAAV960702RPX','Male'
'159','Martha','Osuna','Castro','martha.osuna@example.com','OOCM780126BYA','Female'
'160','Marina','Salas','Mares','marina.salas@example.com','SAMM670801IUP','Female'
'162','Ana Karen','Ruvalcaba','De la Cerda','anakaren.ruvalcaba@example.com','RUDA871022N7S','Female'
'163','Rodrigo','Malacara','Buenrostro','rodrigo.malacara@example.com','MABR851216T3Q','Male'
'164','Charlyn','Correa','Cortez','charlyn.correa@example.com','COCC940228FJX','Female'
'166','Hugo Mariano','Trujillo','Hernández','hugo.trujillo@example.com','TUHH820524LTX','Male'
'167','Iridia','Salazar','López','iridia.salazar@example.com','SALI890808HBT','Female'
'169','Olivia','Meneses','Pérez-Castro','olivia.meneses@example.com','MEPO9301089XY','Female'
'170','Laura Edith','Nieto','Piceno','laura.nieto@example.com','NIPL7707310B5','Female'
'172','Rafael','Santos','Montoya','rafael.santos@example.com','SAMR731111MDS','Male'
'173','Ana Luisa','Gallardo','Molina','analuisa.gallardo@example.com','GAMA930719CYA','Female'
'175','Elisa','Valadez','Palomares','elisa.valadez@example.com','VAPE710726I7A','Female'
'177','Julia Edith','Esquer','Hernández','julia.esquer@example.com','EEHJ780730DDW','Female'
'178','Brianna','Salvatierra','Chagoya','brianna.salvatierra@example.com','SACB881123FKF','Female'
'179','Sheila','Montaño','Valenzuela','sheila.montano@example.com','MOVS9104174X5','Female'
'180','Fernando','Ortiz','Esquer','fernando.ortiz@example.com','OOEF711221BVO','Male'
'181','José Joel','González','Quintero','josejoel.gonzalez@example.com','GOQJ7107077WB','Male'
'182','Miguel Armando','Ramos','Ramírez','miguel.ramos@example.com','RARM670208OUD','Male'
'183','Óscar Jonás','Gutiérrez','Bautista','oscar.gutierrez@example.com','GUBO820921957','Male'
'184','Octavio','Becerril','Piceno','octavio.becerril@example.com','BEPO880729ZYP','Male'
'185','Guillermo','Franco','Núñez','guillermo.franco@example.com','FANG7409138Y1','Male'
'186','Arturo','Robledo','Rentería','arturo.robledo@example.com','RORA8311038XD','Male'
'187','Hugo Norberto','Castillo','Misionero','hugo.castillo@example.com','CAMH941207NHI','Male'
'188','César Marcelo','Morales','Márquez','cesar.morales@example.com','MOMC9410152F2','Male'
'189','Karol','Bernal','Alcaraz','karol.bernal@example.com','BEAK981119HMO','Female'
'190','Lucas','Castro','Manzanares','lucas.castro@example.com','CAML890709RGC','Male'
'191','Pablo Alejo','Núñez','López','pablo.nunez@example.com','NULP690117D8U','Male'
'195','Miguel Ángel','Zepeda','Castillo','miguel.zepeda@example.com','ZECM880305RKZ','Male'
'197','Gabriel Omar','Bautista','Sánchez','gabrielomar.bautista@example.com','BASG8303120UX','Male'
'198','Luis Arturo','Hernández','Matos','luisarturo.hernandez@example.com','HEML660125LJ2','Male'
'199','Christian','Valdez','Arce','christian.valdez@example.com','VAAC900420HGM','Male'
'200','Carlos Ramón','Murillo','Esqueda','carlos.murillo@example.com','MUEC820910S18','Male'
'201','Julissa Paola','Rivera','Suárez','julissa.rivera@example.com','RISJ711024QMM','Female'
'219','Marco Andrés','Green','Ríos','marco.green@example.com','GERM79080488B','Male'
'229','Rafael Armando','Lugo','Miramontes','rafael.lugo@example.com','LUMR9308155EX','Male'
'230','Claudia','Miramontes','Serrano','claudia.miramontes@example.com','MISC741216DCR','Female'
'232','Alberto','Jorge','Quintero','alberto.jorge@example.com','JOQA840405J0O','Male'
'235','Claudio','Suárez','Reyes','claudio.suarez@example.com','SURC661120UL6','Male'
'236','Carmen','Moscato','Robles','carmen.moscato@example.com','MORC861122MQ4','Female'
'237','María Josefina','Méndez','Aréchiga','maria.mendez@example.com','MEAM890703NS5','Female'
'263','Angélica','Ramírez','Casas','angelica.ramirez@example.com','RACA000218MK5','Female'
'265','José Antonio','Domínguez','Reza','jose.dominguez@example.com','DORJ821124RM8','Male'
'266','Leandro','Fernández','González','leandro.fernandez@example.com','FEGL711021N6F','Male'
'267','Lorena','Macías','Martínez','lorena.macias@example.com','MAML800312A2I','Female'
'268','Pánfilo','Ornelas','Real','panfilo.ornelas@example.com','OORP791012OTV','Male'
'269','Tatiana','Cuesta','De Santos','tatiana.cuesta@example.com','CUDT8410060CO','Female'
'270','Erika','Cornejo','Sastre','erika.cornejo@example.com','COSE940912NFF','Female'
'271','Marlissa','Castro','Cuesta','marlissa.castro@example.com','CACM800113X2M','Female'
'272','María Emilia','Bastidas','Argüello','mariaemilia.bastidas@example.com','BAAM780309DX0','Female'
'273','Michelle','Macías','Guerrero','michelle.macias@example.com','MAGM680716WL4','Female'
'275','Karla','De Buen','Castro','karla.debuen@example.com','DECK830902XV9','Female'
'276','Aída','Urías','Álvarez','aida.urias@example.com','UUAA0001257YI','Female'
'277','Luz María','Manríquez','Peña','luzmaria.manriquez@example.com','MAPM851014DNI','Female'
'278','Carolina Mariel','Valderrama','Silva','carolina.valderrama@example.com','VASC790713KGD','Female'
